<?xml version="1.0" encoding="iso-8859-1"?>
<!DOCTYPE file SYSTEM "file:xml/file.dtd">
<file title="Copying">
  
  <text>
    Liquid War is a multiplayer wargame.
  </text>
  <text>
    Copyright (C) 1998-2005 Christian Mauduit ("ufoot@ufoot.org")
  </text>
  <text>
    This program is free software; you can redistribute it and/or
    modify it under the terms of the GNU General Public License
    as published by the Free Software Foundation; either version 2
    of the License, or (at your option) any later version.
  </text>
  <text>
    This program is distributed in the hope that it will be useful,
    but WITHOUT ANY WARRANTY; without even the implied warranty of
    MERCHANTABILITY or FITNESS FOR A partICULAR PURPOSE.  See the
    GNU General Public License for more details.
  </text>
  <text>
    You should have received a copy of the GNU General Public License
    along with this program; if not, write to the Free Software 
    Foundation, Inc., 59 Temple Place - Suite 330, Boston, MA 02111-1307, USA
  </text>
  
</file>
